{
  "$schema": "./node_modules/nx/schemas/nx-schema.json",
  "targetDefaults": {
    "build": {
      "cache": true,
      "dependsOn": ["^build"],
      "inputs": ["production", "^production"]
    },
    "lint": {
      "cache": true,
      "inputs": [
        "default",
        "{workspaceRoot}/.eslintrc.json",
        "{workspaceRoot}/.eslintignore",
        "{workspaceRoot}/eslint.config.js"
      ]
    },
    "@nx/jest:jest": {
      "cache": true,
      "inputs": ["default", "^production", "{workspaceRoot}/jest.preset.js"],
      "options": {
        "passWithNoTests": true
      },
      "configurations": {
        "ci": {
          "ci": true,
          "codeCoverage": true
        }
      }
    }
  },
  "namedInputs": {
    "default": ["{projectRoot}/**/*", "sharedGlobals"],
    "production": [
      "default",
      "!{projectRoot}/.eslintrc.json",
      "!{projectRoot}/eslint.config.js",
      "!{projectRoot}/**/?(*.)+(spec|test).[jt]s?(x)?(.snap)",
      "!{projectRoot}/tsconfig.spec.json",
      "!{projectRoot}/jest.config.[jt]s",
      "!{projectRoot}/src/test-setup.[jt]s",
      "!{projectRoot}/test-setup.[jt]s"
    ],
    "sharedGlobals": []
  },
  "generators": {
    "@nx/react": {
      "application": {
        "style": "css",
        "linter": "eslint",
        "bundler": "webpack",
        "babel": true
      },
      "component": {
        "style": "css"
      },
      "library": {
        "style": "css",
        "linter": "eslint"
      }
    }
  },
  "defaultProject": "frontend",
  "nxCloudAccessToken": "NjI1ZjZmM2MtZWIxOS00OWRiLWIzYjQtM2QwNWQ5MmQwZWE4fHJlYWQtd3JpdGU="
}
